{
  "nodes": {
    "pack#1": {
      "rfNode": {
        "position": {
          "x": 618.9967507230928,
          "y": -15.998695373535156
        }
      }
    },
    "list_files_from_folder#1": {
      "contentWidth": 450,
      "rfNode": {
        "position": {
          "x": 79.5,
          "y": -15.998695373535156
        }
      }
    },
    "unarchive#3": {
      "rfNode": {
        "position": {
          "x": 109.5,
          "y": 422.32856716283214
        }
      }
    }
  }
}