{
  "nodes": {
    "unarchive#3": {
      "rfNode": {
        "position": {
          "x": 109.5,
          "y": 422.32856716283214
        }
      }
    },
    "unarchive2images#1": {
      "rfNode": {
        "position": {
          "x": 671.3727835714282,
          "y": 422.32856716283214
        }
      }
    },
    "transform#1": {
      "rfNode": {
        "position": {
          "x": 400.0520099322457,
          "y": 946.9294369961005
        }
      }
    },
    "unarchive2images#2": {
      "rfNode": {
        "position": {
          "x": 1379.5817534740972,
          "y": 34.524268504350616
        }
      }
    },
    "images_preview#1": {
      "contentWidth": 450,
      "rfNode": {
        "position": {
          "x": 1873.9705192553909,
          "y": 34.524268504350616
        }
      }
    },
    "archive_directory#5": {
      "rfNode": {
        "position": {
          "x": 671.3727835714282,
          "y": 7.52426850435063
        }
      }
    }
  }
}