{
  "nodes": {
    "archive#1": {
      "rfNode": {
        "position": {
          "x": 1184.8683944524698,
          "y": 29.342021148691074
        }
      }
    },
    "+python#1": {
      "contentWidth": 592.2313359139372,
      "rfNode": {
        "position": {
          "x": 497.0780572291569,
          "y": -93.277993617807
        }
      },
      "sections": {
        "scriptlet": {
          "manualHeight": 765.2481991596201
        }
      }
    }
  },
  "pseudoNodes": {
    "input": {
      "rfNode": {
        "position": {
          "x": -12.099611487947413,
          "y": -39.501942560262954
        }
      },
      "sections": {
        "subflowInput": {
          "groupCollapsed": {
            "Meta": true
          }
        }
      }
    },
    "output": {
      "rfNode": {
        "position": {
          "x": 1663.4752488646118,
          "y": 281.34202114869106
        }
      }
    }
  }
}